{

	"easycom": {
		"^u-(.*)": "uview-ui/components/u-$1/u-$1.vue"
	},
	"pages": [ //pages数组中第一项表示应用启动页，参考：https://uniapp.dcloud.io/collocation/pages
		{
			"path": "pages/index/index",
			"style": {
				"navigationBarTitleText": "跆拳道"
			}
		},
		{
		    "path" : "pages/record/record",
		    "style" :                                                                                    
		    {
		        "navigationBarTitleText": "比赛结果",
		        "enablePullDownRefresh": false
		    }
		    
		}
		
	    
        ,{
            "path" : "pages/integral/integral",
            "style" :                                                                                    
            {
                "navigationBarTitleText": "比赛计分器",
                "enablePullDownRefresh": false
            }
            
        }
        ,{
            "path" : "pages/me/me",
            "style" :                                                                                    
            {
                "navigationBarTitleText": "我的",
                "enablePullDownRefresh": false
            }
            
        }
        ,{
            "path" : "pages/shop/shop",
            "style" :                                                                                    
            {
                "navigationBarTitleText": "商城",
                "enablePullDownRefresh": false
            }
            
        }
        ,{
            "path" : "pages/community/community",
            "style" :                                                                                    
            {
                "navigationBarTitleText": "",
                "enablePullDownRefresh": false
            }
            
        }
        ,{
            "path" : "pages/login/login",
            "style" :                                                                                    
            {
                "navigationBarTitleText": "登陆",
                "enablePullDownRefresh": false
            }
            
        }
       
    ],
	"globalStyle": {
		"navigationBarTextStyle": "black",
		"navigationBarTitleText": "比赛计分器",
		"navigationBarBackgroundColor": "#F8F8F8",
		"backgroundColor": "#F8F8F8"
	},
	
	"tabBar": {
		"color": "#C6C6C6",
		"selectedColor": "#47B5D0",
		"borderStyle": "black",
		"backgroundColor": "#ffffff",
		"list": [{
				"pagePath": "pages/index/index",
				"text": "主页",
				"iconPath": "static/tabbar/home.png",
				"selectedIconPath": "static/tabbar/homed.png"
			},
			{
				"pagePath": "pages/shop/shop",
				"text": "商城",
				"iconPath": "static/tabbar/shop.png",
				"selectedIconPath": "static/tabbar/shoped.png"
			},
			{
				"pagePath": "pages/community/community",
				"text": "直播",
				"iconPath": "static/tabbar/zhibo.png",
				"selectedIconPath": "static/tabbar/zhibod.png"
			},
			{
				"pagePath": "pages/me/me",
				"text": "我的",
				"iconPath": "static/tabbar/wode.png",
				"selectedIconPath": "static/tabbar/woded.png"
			}
		]
	}
}
